course_id,title,provider,category,description,outcomes,topic_tags,interest_tags,career_tags,workload,format,level,provider_url,rating_mean,rating_count,rating_scale,source_id,access_date
CRS001,Machine Learning Specialization,Coursera,programming_data_ai,Introduces practical machine learning with Python.,Supervised learning;neural networks;model evaluation,machine_learning;python,machine_learning;artificial_intelligence,data_science;ml_engineering,heavy,online,beginner,https://www.coursera.org/specializations/machine-learning-introduction,4.9,39316,5,SRC_COUR_001,2026-09-07
CRS002,Python for Data Science and Machine Learning Bootcamp,Udemy,programming_data_ai,Builds Python skills for data science and machine learning.,Python;pandas;machine learning,python;data_science;machine_learning,machine_learning;data_science,data_science;ml_engineering,heavy,online,intermediate,https://www.udemy.com/course/python-for-data-science-and-machine-learning-bootcamp/,4.5,160542,5,SRC_COUR_002,2026-09-07
CRS003,Introduction to Telecommunication Networks,Udemy,communications,Introduces the foundations of telecommunication networks.,Network fundamentals;telecom systems,telecommunications;networking,communications;networking,network_engineering,light,online,beginner,https://www.udemy.com/course/introduction-to-telecommunication-networks/,4.3,86,5,SRC_COUR_003,2026-09-07
CRS004,Complete Introduction to Telecom Networking and Structured Cabling,Udemy,communications,Teaches telecom networking and structured cabling fundamentals.,Structured cabling;telecom networking,telecommunications;networking,communications;networking,network_engineering,heavy,online,beginner,https://www.udemy.com/course/complete-introduction-to-telecom-networking-structured-cabling/,4.6,849,5,SRC_COUR_004,2026-09-07
CRS005,Control System Engineering Made Simple,Udemy,electronics_control,Covers control-system analysis and design.,Control theory;system design,control_systems,control,control_engineering,heavy,online,intermediate,https://www.udemy.com/course/control-system-engineering-made-simple/,4.7,136,5,SRC_COUR_005,2026-09-07
CRS006,Electrical Control and Protection Systems,Udemy,electronics_control,Explains electrical control and protection systems.,Protection systems;electrical control,electrical_engineering;control_systems,control,electrical_engineering,heavy,online,intermediate,https://www.udemy.com/course/electrical-control-protection-systems/,4.5,2788,5,SRC_COUR_006,2026-09-07
CRS007,Computer Networking for Beginners Crash Course,Udemy,communications,Introduces computer networking concepts and protocols.,Network basics;protocols,networking,networking,network_engineering,moderate,online,beginner,https://www.udemy.com/course/computer-networking-for-beginners-crash-course/,4.7,15840,5,SRC_COUR_007,2026-09-07
CRS008,Telecom Network Architecture,Udemy,communications,Introduces telecom network architecture and services.,Network architecture;telecom services,telecommunications;networking,communications;networking,network_engineering,light,online,beginner,https://www.udemy.com/course/telecom-network-architecture/,4.3,1391,5,SRC_COUR_008,2026-09-07
CRS009,Begin Programming Build Your First Mobile Game,FutureLearn,programming_data_ai,Uses Java to introduce programming through a mobile game.,Java;algorithms;loops,programming;java,software,software_development,moderate,online,beginner,https://www.futurelearn.com/courses/begin-programming,4.6,11,5,SRC_COUR_009,2026-09-07
CRS010,Learn to Code for the Web,FutureLearn,programming_data_ai,Introduces web coding with HTML CSS and JavaScript.,HTML;CSS;JavaScript,web_development;programming,software,software_development,light,online,beginner,https://www.futurelearn.com/courses/learn-to-code-for-the-web/15,4.7,496,5,SRC_COUR_010,2026-09-07
CRS011,Intermediate Python,FutureLearn,programming_data_ai,Develops object-oriented Python and data-structure skills.,Object-oriented programming;data structures,python;programming,software,data_science;software_development,heavy,online,intermediate,https://www.futurelearn.com/courses/irvine-intermediate-python,4.4,10,5,SRC_COUR_011,2026-09-07
CRS012,Software Development Basics,FutureLearn,programming_data_ai,Introduces web development testing and debugging.,HTML;CSS;testing,web_development;programming,software,software_development,moderate,online,beginner,https://www.futurelearn.com/courses/software-development-basics,4.5,13,5,SRC_COUR_012,2026-09-07
CRS013,Introduction to Cyber Security,FutureLearn,programming_data_ai,Introduces cyber-security concepts and online safety.,Cyber security;online safety,cybersecurity,cybersecurity,cybersecurity,heavy,online,beginner,https://www.futurelearn.com/courses/introduction-to-cyber-security,4.7,580,5,SRC_COUR_013,2026-09-07
CRS014,Get Ready for a Masters in Data Science and AI,FutureLearn,programming_data_ai,Introduces data science AI and Python study.,Python;data science;AI,data_science;artificial_intelligence;python,machine_learning;artificial_intelligence,data_science;ml_engineering,moderate,online,beginner,https://www.futurelearn.com/courses/data-science-artificial-intelligence,4.8,48,5,SRC_COUR_014,2026-09-07
CRS015,An Introduction to Electronic Engineering,FutureLearn,electronics_control,Explores electronic components sensors and systems.,Electronic systems;sensors;transducers,electronics;embedded_systems,embedded_systems,electronics_engineering,moderate,online,beginner,https://www.futurelearn.com/courses/an-introduction-to-electronic-engineering/2,4.7,34,5,SRC_COUR_015,2026-09-07
CRS016,Electrical Engineering Sensing Powering and Controlling,FutureLearn,electronics_control,Introduces electrical circuits sensing and control.,Circuits;sensing;control,electrical_engineering;control_systems,control,electrical_engineering,moderate,online,beginner,https://www.futurelearn.com/courses/electrical-engineering,4.3,74,5,SRC_COUR_016,2026-09-07
CRS017,Introduction to Data Science for Business,FutureLearn,programming_data_ai,Builds foundational data-science and business insight skills.,Data analysis;business communication,data_science,data_science,data_science,heavy,online,beginner,https://www.futurelearn.com/courses/introduction-to-data-science-for-business,3.8,6,5,SRC_COUR_017,2026-09-07
CRS018,Essential Skills for Your Career Development,FutureLearn,career_skills,Builds career planning networking and job-search skills.,Career planning;networking;interviews,career_planning;professional_skills,career_development,career_development,light,online,beginner,https://www.futurelearn.com/courses/essential-skills-for-your-career-development,4.6,515,5,SRC_COUR_018,2026-09-07
CRS019,Digital Skills Reimagine Your Career,FutureLearn,career_skills,Explores digital work skills and career planning.,Digital skills;growth mindset;career planning,digital_skills;career_planning,career_development,career_development,moderate,online,beginner,https://www.futurelearn.com/courses/digital-skills-reimagine-your-career,4.9,128,5,SRC_COUR_019,2026-09-07
CRS020,Career Skills for the 2020s Navigating the Online World of Work,FutureLearn,career_skills,Develops online work skills and professional planning.,Career planning;communication;resilience,career_planning;professional_skills,career_development,career_development,heavy,online,beginner,https://www.futurelearn.com/courses/career-skills,4.6,8,5,SRC_COUR_020,2026-09-07
